[
{
    "fields": {
        "updated": "2014-10-24T19:32:25",
        "person": 1,
        "created": "2014-10-24T19:32:25",
        "slug": "default",
        "title": "default",
        "description": ""
    },
    "pk": 1,
    "model": "shellac.playlist"
},
{
    "fields": {
        "updated": "2014-10-24T19:32:31",
        "person": 2,
        "created": "2014-10-24T19:32:31",
        "slug": "default",
        "title": "default",
        "description": ""
    },
    "pk": 2,
    "model": "shellac.playlist"
},
{
    "fields": {
        "updated": "2014-10-24T19:32:31",
        "person": 3,
        "created": "2014-10-24T19:32:31",
        "slug": "default",
        "title": "default",
        "description": ""
    },
    "pk": 3,
    "model": "shellac.playlist"
},
{
    "fields": {
        "updated": "2014-10-24T19:32:31",
        "person": 4,
        "created": "2014-10-24T19:32:31",
        "slug": "default",
        "title": "default",
        "description": ""
    },
    "pk": 4,
    "model": "shellac.playlist"
},
{
    "fields": {
        "updated": "2014-10-19T16:35:08",
        "person": 2,
        "created": "2014-10-19T16:35:03",
        "slug": "aray1",
        "title": "aray1",
        "description": "aray1"
    },
    "pk": 5,
    "model": "shellac.playlist"
},
{
    "fields": {
        "updated": "2014-10-19T16:35:31",
        "person": 1,
        "created": "2014-10-19T16:35:26",
        "slug": "jvwong1",
        "title": "jvwong1",
        "description": "jvwong1"
    },
    "pk": 6,
    "model": "shellac.playlist"
},
{
    "fields": {
        "updated": "2014-10-19T16:35:47",
        "person": 4,
        "created": "2014-10-19T16:35:47",
        "slug": "kray1",
        "title": "kray1",
        "description": "kray1"
    },
    "pk": 7,
    "model": "shellac.playlist"
},
{
    "fields": {
        "updated": "2014-10-19T16:36:00",
        "person": 3,
        "created": "2014-10-19T16:36:00",
        "slug": "jray1",
        "title": "jray1",
        "description": "jray1"
    },
    "pk": 8,
    "model": "shellac.playlist"
},
{
    "fields": {
        "from_person": 1,
        "to_person": 4,
        "private": false,
        "created": "2014-10-08T16:54:34",
        "status": "following"
    },
    "pk": 2,
    "model": "shellac.relationship"
},
{
    "fields": {
        "from_person": 1,
        "to_person": 2,
        "private": false,
        "created": "2014-10-08T16:54:34",
        "status": "following"
    },
    "pk": 3,
    "model": "shellac.relationship"
},
{
    "fields": {
        "from_person": 1,
        "to_person": 3,
        "private": false,
        "created": "2014-10-08T16:54:35",
        "status": "following"
    },
    "pk": 4,
    "model": "shellac.relationship"
},
{
    "fields": {
        "from_person": 2,
        "to_person": 3,
        "private": false,
        "created": "2014-10-08T16:59:02",
        "status": "following"
    },
    "pk": 6,
    "model": "shellac.relationship"
},
{
    "fields": {
        "from_person": 3,
        "to_person": 1,
        "private": false,
        "created": "2014-10-08T16:59:15",
        "status": "following"
    },
    "pk": 7,
    "model": "shellac.relationship"
},
{
    "fields": {
        "from_person": 3,
        "to_person": 4,
        "private": false,
        "created": "2014-10-08T16:59:15",
        "status": "following"
    },
    "pk": 8,
    "model": "shellac.relationship"
},
{
    "fields": {
        "slug": "arts",
        "title": "ARTS",
        "description": "arts"
    },
    "pk": 1,
    "model": "shellac.category"
},
{
    "fields": {
        "slug": "business",
        "title": "BUSINESS",
        "description": "business"
    },
    "pk": 2,
    "model": "shellac.category"
},
{
    "fields": {
        "slug": "food",
        "title": "FOOD",
        "description": "food"
    },
    "pk": 3,
    "model": "shellac.category"
},
{
    "fields": {
        "slug": "health",
        "title": "HEALTH",
        "description": "health"
    },
    "pk": 4,
    "model": "shellac.category"
},
{
    "fields": {
        "slug": "music",
        "title": "MUSIC",
        "description": "music"
    },
    "pk": 5,
    "model": "shellac.category"
},
{
    "fields": {
        "slug": "opinion",
        "title": "OPINION",
        "description": "opinion"
    },
    "pk": 6,
    "model": "shellac.category"
},
{
    "fields": {
        "slug": "politics",
        "title": "POLITICS",
        "description": "politics"
    },
    "pk": 7,
    "model": "shellac.category"
},
{
    "fields": {
        "slug": "real-estate",
        "title": "REAL ESTATE",
        "description": "real estate"
    },
    "pk": 8,
    "model": "shellac.category"
},
{
    "fields": {
        "slug": "science",
        "title": "SCIENCE",
        "description": "science"
    },
    "pk": 9,
    "model": "shellac.category"
},
{
    "fields": {
        "slug": "sports",
        "title": "SPORTS",
        "description": "sports"
    },
    "pk": 10,
    "model": "shellac.category"
},
{
    "fields": {
        "slug": "style",
        "title": "STYLE",
        "description": "style"
    },
    "pk": 11,
    "model": "shellac.category"
},
{
    "fields": {
        "slug": "technology",
        "title": "TECHNOLOGY",
        "description": "technology"
    },
    "pk": 12,
    "model": "shellac.category"
},
{
    "fields": {
        "slug": "travel",
        "title": "TRAVEL",
        "description": "travel"
    },
    "pk": 13,
    "model": "shellac.category"
},
{
    "fields": {
        "slug": "money",
        "title": "MONEY",
        "description": "money"
    },
    "pk": 14,
    "model": "shellac.category"
},
{
    "fields": {
        "slug": "economics",
        "title": "ECONOMICS",
        "description": "economics"
    },
    "pk": 15,
    "model": "shellac.category"
},
{
    "fields": {
        "slug": "comedy",
        "title": "COMEDY",
        "description": "comedy"
    },
    "pk": 16,
    "model": "shellac.category"
},
{
    "fields": {
        "slug": "nascar",
        "title": "NASCAR",
        "description": "nascar"
    },
    "pk": 17,
    "model": "shellac.category"
},
{
    "fields": {
        "slug": "tennis",
        "title": "TENNIS",
        "description": "tennis"
    },
    "pk": 18,
    "model": "shellac.category"
},
{
    "fields": {
        "slug": "track-field",
        "title": "TRACK & FIELD",
        "description": "track & field"
    },
    "pk": 19,
    "model": "shellac.category"
},
{
    "fields": {
        "slug": "golf",
        "title": "GOLF",
        "description": "golf"
    },
    "pk": 20,
    "model": "shellac.category"
},
{
    "fields": {
        "slug": "boxing",
        "title": "BOXING",
        "description": "boxing"
    },
    "pk": 21,
    "model": "shellac.category"
},
{
    "fields": {
        "slug": "mixed-martial-arts",
        "title": "MIXED MARTIAL ARTS",
        "description": "mixed martial arts"
    },
    "pk": 22,
    "model": "shellac.category"
},
{
    "fields": {
        "slug": "wrestling",
        "title": "WRESTLING",
        "description": "wrestling"
    },
    "pk": 23,
    "model": "shellac.category"
},
{
    "fields": {
        "slug": "horse-racing",
        "title": "HORSE RACING",
        "description": "horse racing"
    },
    "pk": 24,
    "model": "shellac.category"
},
{
    "fields": {
        "slug": "ncaa-football",
        "title": "NCAA FOOTBALL",
        "description": "ncaa football"
    },
    "pk": 25,
    "model": "shellac.category"
},
{
    "fields": {
        "slug": "ncaa-basketball",
        "title": "NCAA BASKETBALL",
        "description": "ncaa basketball"
    },
    "pk": 26,
    "model": "shellac.category"
},
{
    "fields": {
        "slug": "nba",
        "title": "NBA",
        "description": "nba"
    },
    "pk": 27,
    "model": "shellac.category"
},
{
    "fields": {
        "slug": "nhl",
        "title": "NHL",
        "description": "nhl"
    },
    "pk": 28,
    "model": "shellac.category"
},
{
    "fields": {
        "slug": "nfl",
        "title": "NFL",
        "description": "nfl"
    },
    "pk": 29,
    "model": "shellac.category"
},
{
    "fields": {
        "slug": "mls",
        "title": "MLS",
        "description": "mls"
    },
    "pk": 30,
    "model": "shellac.category"
},
{
    "fields": {
        "slug": "mlb",
        "title": "MLB",
        "description": "mlb"
    },
    "pk": 31,
    "model": "shellac.category"
},
{
    "fields": {
        "slug": "baseball",
        "title": "BASEBALL",
        "description": "baseball"
    },
    "pk": 32,
    "model": "shellac.category"
},
{
    "fields": {
        "slug": "rugby",
        "title": "RUGBY",
        "description": "rugby"
    },
    "pk": 33,
    "model": "shellac.category"
},
{
    "fields": {
        "slug": "lacrosse",
        "title": "LACROSSE",
        "description": "lacrosse"
    },
    "pk": 34,
    "model": "shellac.category"
},
{
    "fields": {
        "slug": "cricket",
        "title": "CRICKET",
        "description": "cricket"
    },
    "pk": 35,
    "model": "shellac.category"
},
{
    "fields": {
        "slug": "soccer",
        "title": "SOCCER",
        "description": "soccer"
    },
    "pk": 36,
    "model": "shellac.category"
},
{
    "fields": {
        "slug": "champions-league",
        "title": "CHAMPIONS LEAGUE",
        "description": "champions league"
    },
    "pk": 37,
    "model": "shellac.category"
},
{
    "fields": {
        "slug": "world-cup-soccer",
        "title": "WORLD CUP SOCCER",
        "description": "world cup soccer"
    },
    "pk": 38,
    "model": "shellac.category"
},
{
    "fields": {
        "slug": "pop-culture",
        "title": "POP CULTURE",
        "description": "pop culture"
    },
    "pk": 39,
    "model": "shellac.category"
},
{
    "fields": {
        "slug": "in-the-news",
        "title": "IN THE NEWS",
        "description": "in the news"
    },
    "pk": 40,
    "model": "shellac.category"
},
{
    "fields": {
        "slug": "olympics",
        "title": "OLYMPICS",
        "description": "olympics"
    },
    "pk": 41,
    "model": "shellac.category"
},
{
    "fields": {
        "title": "wer",
        "plays": 0,
        "audio_file": "sounds/2014/10/19/water_Fy0CRFv.mp3",
        "status": 1,
        "rating": 0,
        "brand": "",
        "categories": [],
        "created": "2014-10-08T12:08:51",
        "author": 1,
        "slug": "wer",
        "brand_thumb": "",
        "description": "wer"
    },
    "pk": 1,
    "model": "shellac.clip"
},
{
    "fields": {
        "title": "2",
        "plays": 0,
        "audio_file": "sounds/2014/10/19/water_lFAudJx.mp3",
        "status": 1,
        "rating": 0,
        "brand": "",
        "categories": [],
        "created": "2014-10-08T12:09:40",
        "author": 1,
        "slug": "2",
        "brand_thumb": "",
        "description": "asdasd"
    },
    "pk": 2,
    "model": "shellac.clip"
},
{
    "fields": {
        "title": "asd",
        "plays": 0,
        "audio_file": "sounds/2014/10/19/water_TsJPtsM.mp3",
        "status": 1,
        "rating": 0,
        "brand": "",
        "categories": [],
        "created": "2014-10-08T15:07:36",
        "author": 1,
        "slug": "asd",
        "brand_thumb": "",
        "description": "asd"
    },
    "pk": 3,
    "model": "shellac.clip"
},
{
    "fields": {
        "title": "kray1",
        "plays": 1,
        "audio_file": "sounds/2014/10/19/water_gin0DI9.mp3",
        "status": 1,
        "rating": 0,
        "brand": "",
        "categories": [
            1
        ],
        "created": "2014-10-08T16:59:17",
        "author": 4,
        "slug": "kray1",
        "brand_thumb": "",
        "description": "kray1"
    },
    "pk": 4,
    "model": "shellac.clip"
},
{
    "fields": {
        "title": "kray2",
        "plays": 1,
        "audio_file": "sounds/2014/10/19/water_XExmIdJ.mp3",
        "status": 1,
        "rating": 0,
        "brand": "",
        "categories": [
            2
        ],
        "created": "2014-10-08T16:59:59",
        "author": 4,
        "slug": "kray2",
        "brand_thumb": "",
        "description": "kray1"
    },
    "pk": 5,
    "model": "shellac.clip"
},
{
    "fields": {
        "title": "jray1",
        "plays": 2,
        "audio_file": "sounds/2014/10/19/water_fht0Pq5.mp3",
        "status": 1,
        "rating": 0,
        "brand": "",
        "categories": [
            16
        ],
        "created": "2014-10-08T17:00:41",
        "author": 3,
        "slug": "jray1",
        "brand_thumb": "",
        "description": "jray1"
    },
    "pk": 6,
    "model": "shellac.clip"
},
{
    "fields": {
        "title": "jray2",
        "plays": 1,
        "audio_file": "sounds/2014/10/19/heart_hckIBAe.mp3",
        "status": 1,
        "rating": 0,
        "brand": "",
        "categories": [
            15
        ],
        "created": "2014-10-08T17:01:06",
        "author": 3,
        "slug": "jray2",
        "brand_thumb": "",
        "description": "jray2"
    },
    "pk": 7,
    "model": "shellac.clip"
},
{
    "fields": {
        "title": "aray1",
        "plays": 0,
        "audio_file": "sounds/2014/10/19/water_VV1jivv.mp3",
        "status": 1,
        "rating": 0,
        "brand": "",
        "categories": [
            12,
            13
        ],
        "created": "2014-10-08T17:01:30",
        "author": 2,
        "slug": "aray1",
        "brand_thumb": "",
        "description": "aray1"
    },
    "pk": 8,
    "model": "shellac.clip"
},
{
    "fields": {
        "title": "aray2",
        "plays": 2,
        "audio_file": "sounds/2014/10/19/water_vmcDJCj.mp3",
        "status": 1,
        "rating": 0,
        "brand": "",
        "categories": [
            15,
            12
        ],
        "created": "2014-10-08T17:01:30",
        "author": 2,
        "slug": "aray2",
        "brand_thumb": "",
        "description": "aray2"
    },
    "pk": 9,
    "model": "shellac.clip"
},
{
    "fields": {
        "clip": 5,
        "playlist": 5,
        "position": 0,
        "added": "2014-10-19T16:35:03"
    },
    "pk": 7,
    "model": "shellac.track"
},
{
    "fields": {
        "clip": 7,
        "playlist": 5,
        "position": 0,
        "added": "2014-10-19T16:35:08"
    },
    "pk": 8,
    "model": "shellac.track"
},
{
    "fields": {
        "clip": 7,
        "playlist": 6,
        "position": 0,
        "added": "2014-10-19T16:35:26"
    },
    "pk": 9,
    "model": "shellac.track"
},
{
    "fields": {
        "clip": 7,
        "playlist": 6,
        "position": 0,
        "added": "2014-10-19T16:35:31"
    },
    "pk": 10,
    "model": "shellac.track"
},
{
    "fields": {
        "clip": 5,
        "playlist": 7,
        "position": 0,
        "added": "2014-10-19T16:35:47"
    },
    "pk": 11,
    "model": "shellac.track"
},
{
    "fields": {
        "clip": 5,
        "playlist": 8,
        "position": 0,
        "added": "2014-10-19T16:36:00"
    },
    "pk": 12,
    "model": "shellac.track"
}
]
