[
{
    "pk": 1,
    "model": "shellac.playlist",
    "fields": {
        "slug": "default",
        "description": "",
        "person": 1,
        "updated": "2014-10-24T19:32:25",
        "created": "2014-10-24T19:32:25",
        "title": "default"
    }
},
{
    "pk": 2,
    "model": "shellac.playlist",
    "fields": {
        "slug": "default",
        "description": "",
        "person": 2,
        "updated": "2014-10-24T19:32:31",
        "created": "2014-10-24T19:32:31",
        "title": "default"
    }
},
{
    "pk": 3,
    "model": "shellac.playlist",
    "fields": {
        "slug": "default",
        "description": "",
        "person": 3,
        "updated": "2014-10-24T19:32:31",
        "created": "2014-10-24T19:32:31",
        "title": "default"
    }
},
{
    "pk": 4,
    "model": "shellac.playlist",
    "fields": {
        "slug": "default",
        "description": "",
        "person": 4,
        "updated": "2014-10-24T19:32:31",
        "created": "2014-10-24T19:32:31",
        "title": "default"
    }
},
{
    "pk": 5,
    "model": "shellac.playlist",
    "fields": {
        "slug": "aray1",
        "description": "aray1",
        "person": 2,
        "updated": "2014-10-19T16:35:08",
        "created": "2014-10-19T16:35:03",
        "title": "aray1"
    }
},
{
    "pk": 6,
    "model": "shellac.playlist",
    "fields": {
        "slug": "jvwong1",
        "description": "jvwong1",
        "person": 1,
        "updated": "2014-10-19T16:35:31",
        "created": "2014-10-19T16:35:26",
        "title": "jvwong1"
    }
},
{
    "pk": 7,
    "model": "shellac.playlist",
    "fields": {
        "slug": "kray1",
        "description": "kray1",
        "person": 4,
        "updated": "2014-10-19T16:35:47",
        "created": "2014-10-19T16:35:47",
        "title": "kray1"
    }
},
{
    "pk": 8,
    "model": "shellac.playlist",
    "fields": {
        "slug": "jray1",
        "description": "jray1",
        "person": 3,
        "updated": "2014-10-19T16:36:00",
        "created": "2014-10-19T16:36:00",
        "title": "jray1"
    }
},
{
    "pk": 2,
    "model": "shellac.relationship",
    "fields": {
        "private": false,
        "status": "following",
        "to_person": 4,
        "created": "2014-10-08T16:54:34",
        "from_person": 1
    }
},
{
    "pk": 3,
    "model": "shellac.relationship",
    "fields": {
        "private": false,
        "status": "following",
        "to_person": 2,
        "created": "2014-10-08T16:54:34",
        "from_person": 1
    }
},
{
    "pk": 4,
    "model": "shellac.relationship",
    "fields": {
        "private": false,
        "status": "following",
        "to_person": 3,
        "created": "2014-10-08T16:54:35",
        "from_person": 1
    }
},
{
    "pk": 6,
    "model": "shellac.relationship",
    "fields": {
        "private": false,
        "status": "following",
        "to_person": 3,
        "created": "2014-10-08T16:59:02",
        "from_person": 2
    }
},
{
    "pk": 7,
    "model": "shellac.relationship",
    "fields": {
        "private": false,
        "status": "following",
        "to_person": 1,
        "created": "2014-10-08T16:59:15",
        "from_person": 3
    }
},
{
    "pk": 8,
    "model": "shellac.relationship",
    "fields": {
        "private": false,
        "status": "following",
        "to_person": 4,
        "created": "2014-10-08T16:59:15",
        "from_person": 3
    }
},
{
    "pk": 1,
    "model": "shellac.category",
    "fields": {
        "slug": "arts",
        "description": "arts",
        "title": "ARTS"
    }
},
{
    "pk": 2,
    "model": "shellac.category",
    "fields": {
        "slug": "business",
        "description": "business",
        "title": "BUSINESS"
    }
},
{
    "pk": 3,
    "model": "shellac.category",
    "fields": {
        "slug": "food",
        "description": "food",
        "title": "FOOD"
    }
},
{
    "pk": 4,
    "model": "shellac.category",
    "fields": {
        "slug": "health",
        "description": "health",
        "title": "HEALTH"
    }
},
{
    "pk": 5,
    "model": "shellac.category",
    "fields": {
        "slug": "music",
        "description": "music",
        "title": "MUSIC"
    }
},
{
    "pk": 6,
    "model": "shellac.category",
    "fields": {
        "slug": "opinion",
        "description": "opinion",
        "title": "OPINION"
    }
},
{
    "pk": 7,
    "model": "shellac.category",
    "fields": {
        "slug": "politics",
        "description": "politics",
        "title": "POLITICS"
    }
},
{
    "pk": 8,
    "model": "shellac.category",
    "fields": {
        "slug": "real-estate",
        "description": "real estate",
        "title": "REAL ESTATE"
    }
},
{
    "pk": 9,
    "model": "shellac.category",
    "fields": {
        "slug": "science",
        "description": "science",
        "title": "SCIENCE"
    }
},
{
    "pk": 10,
    "model": "shellac.category",
    "fields": {
        "slug": "sports",
        "description": "sports",
        "title": "SPORTS"
    }
},
{
    "pk": 11,
    "model": "shellac.category",
    "fields": {
        "slug": "style",
        "description": "style",
        "title": "STYLE"
    }
},
{
    "pk": 12,
    "model": "shellac.category",
    "fields": {
        "slug": "technology",
        "description": "technology",
        "title": "TECHNOLOGY"
    }
},
{
    "pk": 13,
    "model": "shellac.category",
    "fields": {
        "slug": "travel",
        "description": "travel",
        "title": "TRAVEL"
    }
},
{
    "pk": 14,
    "model": "shellac.category",
    "fields": {
        "slug": "money",
        "description": "money",
        "title": "MONEY"
    }
},
{
    "pk": 15,
    "model": "shellac.category",
    "fields": {
        "slug": "economics",
        "description": "economics",
        "title": "ECONOMICS"
    }
},
{
    "pk": 16,
    "model": "shellac.category",
    "fields": {
        "slug": "comedy",
        "description": "comedy",
        "title": "COMEDY"
    }
},
{
    "pk": 17,
    "model": "shellac.category",
    "fields": {
        "slug": "nascar",
        "description": "nascar",
        "title": "NASCAR"
    }
},
{
    "pk": 18,
    "model": "shellac.category",
    "fields": {
        "slug": "tennis",
        "description": "tennis",
        "title": "TENNIS"
    }
},
{
    "pk": 19,
    "model": "shellac.category",
    "fields": {
        "slug": "track-field",
        "description": "track & field",
        "title": "TRACK & FIELD"
    }
},
{
    "pk": 20,
    "model": "shellac.category",
    "fields": {
        "slug": "golf",
        "description": "golf",
        "title": "GOLF"
    }
},
{
    "pk": 21,
    "model": "shellac.category",
    "fields": {
        "slug": "boxing",
        "description": "boxing",
        "title": "BOXING"
    }
},
{
    "pk": 22,
    "model": "shellac.category",
    "fields": {
        "slug": "mixed-martial-arts",
        "description": "mixed martial arts",
        "title": "MIXED MARTIAL ARTS"
    }
},
{
    "pk": 23,
    "model": "shellac.category",
    "fields": {
        "slug": "wrestling",
        "description": "wrestling",
        "title": "WRESTLING"
    }
},
{
    "pk": 24,
    "model": "shellac.category",
    "fields": {
        "slug": "horse-racing",
        "description": "horse racing",
        "title": "HORSE RACING"
    }
},
{
    "pk": 25,
    "model": "shellac.category",
    "fields": {
        "slug": "ncaa-football",
        "description": "ncaa football",
        "title": "NCAA FOOTBALL"
    }
},
{
    "pk": 26,
    "model": "shellac.category",
    "fields": {
        "slug": "ncaa-basketball",
        "description": "ncaa basketball",
        "title": "NCAA BASKETBALL"
    }
},
{
    "pk": 27,
    "model": "shellac.category",
    "fields": {
        "slug": "nba",
        "description": "nba",
        "title": "NBA"
    }
},
{
    "pk": 28,
    "model": "shellac.category",
    "fields": {
        "slug": "nhl",
        "description": "nhl",
        "title": "NHL"
    }
},
{
    "pk": 29,
    "model": "shellac.category",
    "fields": {
        "slug": "nfl",
        "description": "nfl",
        "title": "NFL"
    }
},
{
    "pk": 30,
    "model": "shellac.category",
    "fields": {
        "slug": "mls",
        "description": "mls",
        "title": "MLS"
    }
},
{
    "pk": 31,
    "model": "shellac.category",
    "fields": {
        "slug": "mlb",
        "description": "mlb",
        "title": "MLB"
    }
},
{
    "pk": 32,
    "model": "shellac.category",
    "fields": {
        "slug": "baseball",
        "description": "baseball",
        "title": "BASEBALL"
    }
},
{
    "pk": 33,
    "model": "shellac.category",
    "fields": {
        "slug": "rugby",
        "description": "rugby",
        "title": "RUGBY"
    }
},
{
    "pk": 34,
    "model": "shellac.category",
    "fields": {
        "slug": "lacrosse",
        "description": "lacrosse",
        "title": "LACROSSE"
    }
},
{
    "pk": 35,
    "model": "shellac.category",
    "fields": {
        "slug": "cricket",
        "description": "cricket",
        "title": "CRICKET"
    }
},
{
    "pk": 36,
    "model": "shellac.category",
    "fields": {
        "slug": "soccer",
        "description": "soccer",
        "title": "SOCCER"
    }
},
{
    "pk": 37,
    "model": "shellac.category",
    "fields": {
        "slug": "champions-league",
        "description": "champions league",
        "title": "CHAMPIONS LEAGUE"
    }
},
{
    "pk": 38,
    "model": "shellac.category",
    "fields": {
        "slug": "world-cup-soccer",
        "description": "world cup soccer",
        "title": "WORLD CUP SOCCER"
    }
},
{
    "pk": 39,
    "model": "shellac.category",
    "fields": {
        "slug": "pop-culture",
        "description": "pop culture",
        "title": "POP CULTURE"
    }
},
{
    "pk": 40,
    "model": "shellac.category",
    "fields": {
        "slug": "in-the-news",
        "description": "in the news",
        "title": "IN THE NEWS"
    }
},
{
    "pk": 41,
    "model": "shellac.category",
    "fields": {
        "slug": "olympics",
        "description": "olympics",
        "title": "OLYMPICS"
    }
},
{
    "pk": 1,
    "model": "shellac.clip",
    "fields": {
        "brand_thumb": "",
        "status": 1,
        "audio_file": "sounds/2014/10/19/water_Fy0CRFv.mp3",
        "description": "wer",
        "slug": "wer",
        "author": 1,
        "title": "wer",
        "categories": [],
        "rating": 0,
        "brand": "",
        "plays": 0,
        "created": "2014-10-08T12:08:51"
    }
},
{
    "pk": 2,
    "model": "shellac.clip",
    "fields": {
        "brand_thumb": "",
        "status": 1,
        "audio_file": "sounds/2014/10/19/water_lFAudJx.mp3",
        "description": "asdasd",
        "slug": "2",
        "author": 1,
        "title": "2",
        "categories": [],
        "rating": 0,
        "brand": "",
        "plays": 0,
        "created": "2014-10-08T12:09:40"
    }
},
{
    "pk": 3,
    "model": "shellac.clip",
    "fields": {
        "brand_thumb": "",
        "status": 1,
        "audio_file": "sounds/2014/10/19/water_TsJPtsM.mp3",
        "description": "asd",
        "slug": "asd",
        "author": 1,
        "title": "asd",
        "categories": [],
        "rating": 0,
        "brand": "",
        "plays": 0,
        "created": "2014-10-08T15:07:36"
    }
},
{
    "pk": 4,
    "model": "shellac.clip",
    "fields": {
        "brand_thumb": "",
        "status": 1,
        "audio_file": "sounds/2014/10/19/water_gin0DI9.mp3",
        "description": "kray1",
        "slug": "kray1",
        "author": 4,
        "title": "kray1",
        "categories": [
            1
        ],
        "rating": 0,
        "brand": "",
        "plays": 1,
        "created": "2014-10-08T16:59:17"
    }
},
{
    "pk": 5,
    "model": "shellac.clip",
    "fields": {
        "brand_thumb": "",
        "status": 1,
        "audio_file": "sounds/2014/10/19/water_XExmIdJ.mp3",
        "description": "kray1",
        "slug": "kray2",
        "author": 4,
        "title": "kray2",
        "categories": [
            2
        ],
        "rating": 0,
        "brand": "",
        "plays": 1,
        "created": "2014-10-08T16:59:59"
    }
},
{
    "pk": 6,
    "model": "shellac.clip",
    "fields": {
        "brand_thumb": "",
        "status": 1,
        "audio_file": "sounds/2014/10/19/water_fht0Pq5.mp3",
        "description": "jray1",
        "slug": "jray1",
        "author": 3,
        "title": "jray1",
        "categories": [
            16
        ],
        "rating": 0,
        "brand": "",
        "plays": 2,
        "created": "2014-10-08T17:00:41"
    }
},
{
    "pk": 7,
    "model": "shellac.clip",
    "fields": {
        "brand_thumb": "",
        "status": 1,
        "audio_file": "sounds/2014/10/19/heart_hckIBAe.mp3",
        "description": "jray2",
        "slug": "jray2",
        "author": 3,
        "title": "jray2",
        "categories": [
            15
        ],
        "rating": 0,
        "brand": "",
        "plays": 1,
        "created": "2014-10-08T17:01:06"
    }
},
{
    "pk": 8,
    "model": "shellac.clip",
    "fields": {
        "brand_thumb": "",
        "status": 1,
        "audio_file": "sounds/2014/10/19/water_VV1jivv.mp3",
        "description": "aray1",
        "slug": "aray1",
        "author": 2,
        "title": "aray1",
        "categories": [
            12,
            13
        ],
        "rating": 0,
        "brand": "",
        "plays": 0,
        "created": "2014-10-08T17:01:30"
    }
},
{
    "pk": 9,
    "model": "shellac.clip",
    "fields": {
        "brand_thumb": "",
        "status": 1,
        "audio_file": "sounds/2014/10/19/water_vmcDJCj.mp3",
        "description": "aray2",
        "slug": "aray2",
        "author": 2,
        "title": "aray2",
        "categories": [
            15,
            12
        ],
        "rating": 0,
        "brand": "",
        "plays": 2,
        "created": "2014-10-08T17:01:30"
    }
},
{
    "pk": 7,
    "model": "shellac.track",
    "fields": {
        "playlist": 5,
        "clip": 5,
        "position": 0,
        "added": "2014-10-19T16:35:03"
    }
},
{
    "pk": 8,
    "model": "shellac.track",
    "fields": {
        "playlist": 5,
        "clip": 7,
        "position": 0,
        "added": "2014-10-19T16:35:08"
    }
},
{
    "pk": 9,
    "model": "shellac.track",
    "fields": {
        "playlist": 6,
        "clip": 7,
        "position": 0,
        "added": "2014-10-19T16:35:26"
    }
},
{
    "pk": 10,
    "model": "shellac.track",
    "fields": {
        "playlist": 6,
        "clip": 7,
        "position": 0,
        "added": "2014-10-19T16:35:31"
    }
},
{
    "pk": 11,
    "model": "shellac.track",
    "fields": {
        "playlist": 7,
        "clip": 5,
        "position": 0,
        "added": "2014-10-19T16:35:47"
    }
},
{
    "pk": 12,
    "model": "shellac.track",
    "fields": {
        "playlist": 8,
        "clip": 5,
        "position": 0,
        "added": "2014-10-19T16:36:00"
    }
}
]
