[
{
    "fields": {
        "updated": "2015-03-20T14:12:56",
        "created": "2015-03-20T13:29:26",
        "slug": "default",
        "description": "",
        "person": 1,
        "title": "default"
    },
    "model": "shellac.playlist",
    "pk": 1
},
{
    "fields": {
        "updated": "2015-03-20T14:12:31",
        "created": "2015-03-20T13:30:17",
        "slug": "default",
        "description": "",
        "person": 2,
        "title": "default"
    },
    "model": "shellac.playlist",
    "pk": 2
},
{
    "fields": {
        "updated": "2015-03-20T14:13:12",
        "created": "2015-03-20T13:30:28",
        "slug": "default",
        "description": "",
        "person": 3,
        "title": "default"
    },
    "model": "shellac.playlist",
    "pk": 3
},
{
    "fields": {
        "updated": "2015-03-20T14:12:39",
        "created": "2015-03-20T13:30:40",
        "slug": "default",
        "description": "",
        "person": 4,
        "title": "default"
    },
    "model": "shellac.playlist",
    "pk": 4
},
{
    "fields": {
        "to_person": 2,
        "created": "2015-03-20T13:31:05",
        "from_person": 1,
        "status": "following",
        "private": false
    },
    "model": "shellac.relationship",
    "pk": 1
},
{
    "fields": {
        "to_person": 3,
        "created": "2015-03-20T13:31:05",
        "from_person": 1,
        "status": "following",
        "private": false
    },
    "model": "shellac.relationship",
    "pk": 2
},
{
    "fields": {
        "to_person": 4,
        "created": "2015-03-20T13:31:05",
        "from_person": 1,
        "status": "following",
        "private": false
    },
    "model": "shellac.relationship",
    "pk": 3
},
{
    "fields": {
        "to_person": 3,
        "created": "2015-03-20T13:31:28",
        "from_person": 2,
        "status": "following",
        "private": false
    },
    "model": "shellac.relationship",
    "pk": 4
},
{
    "fields": {
        "to_person": 1,
        "created": "2015-03-20T13:31:43",
        "from_person": 3,
        "status": "following",
        "private": false
    },
    "model": "shellac.relationship",
    "pk": 6
},
{
    "fields": {
        "to_person": 4,
        "created": "2015-03-20T13:31:43",
        "from_person": 3,
        "status": "following",
        "private": false
    },
    "model": "shellac.relationship",
    "pk": 7
},
{
    "fields": {
        "slug": "champions-league",
        "description": "champions league",
        "title": "CHAMPIONS LEAGUE"
    },
    "model": "shellac.category",
    "pk": 1
},
{
    "fields": {
        "slug": "tennis",
        "description": "tennis",
        "title": "TENNIS"
    },
    "model": "shellac.category",
    "pk": 2
},
{
    "fields": {
        "slug": "track-field",
        "description": "track & field",
        "title": "TRACK & FIELD"
    },
    "model": "shellac.category",
    "pk": 3
},
{
    "fields": {
        "slug": "golf",
        "description": "golf",
        "title": "GOLF"
    },
    "model": "shellac.category",
    "pk": 4
},
{
    "fields": {
        "slug": "boxing",
        "description": "boxing",
        "title": "BOXING"
    },
    "model": "shellac.category",
    "pk": 5
},
{
    "fields": {
        "slug": "lacrosse",
        "description": "lacrosse",
        "title": "LACROSSE"
    },
    "model": "shellac.category",
    "pk": 6
},
{
    "fields": {
        "slug": "mixed-martial-arts",
        "description": "mixed martial arts",
        "title": "MIXED MARTIAL ARTS"
    },
    "model": "shellac.category",
    "pk": 7
},
{
    "fields": {
        "slug": "horse-racing",
        "description": "horse racing",
        "title": "HORSE RACING"
    },
    "model": "shellac.category",
    "pk": 8
},
{
    "fields": {
        "slug": "in-the-news",
        "description": "in the news",
        "title": "IN THE NEWS"
    },
    "model": "shellac.category",
    "pk": 9
},
{
    "fields": {
        "slug": "nascar",
        "description": "nascar",
        "title": "NASCAR"
    },
    "model": "shellac.category",
    "pk": 10
},
{
    "fields": {
        "slug": "ncaa-football",
        "description": "ncaa football",
        "title": "NCAA FOOTBALL"
    },
    "model": "shellac.category",
    "pk": 11
},
{
    "fields": {
        "slug": "ncaa-basketball",
        "description": "ncaa basketball",
        "title": "NCAA BASKETBALL"
    },
    "model": "shellac.category",
    "pk": 12
},
{
    "fields": {
        "slug": "nba",
        "description": "nba",
        "title": "NBA"
    },
    "model": "shellac.category",
    "pk": 13
},
{
    "fields": {
        "slug": "nhl",
        "description": "nhl",
        "title": "NHL"
    },
    "model": "shellac.category",
    "pk": 14
},
{
    "fields": {
        "slug": "nfl",
        "description": "nfl",
        "title": "NFL"
    },
    "model": "shellac.category",
    "pk": 15
},
{
    "fields": {
        "slug": "mls",
        "description": "mls",
        "title": "MLS"
    },
    "model": "shellac.category",
    "pk": 16
},
{
    "fields": {
        "slug": "mlb",
        "description": "mlb",
        "title": "MLB"
    },
    "model": "shellac.category",
    "pk": 17
},
{
    "fields": {
        "slug": "pop-culture",
        "description": "pop culture",
        "title": "POP CULTURE"
    },
    "model": "shellac.category",
    "pk": 18
},
{
    "fields": {
        "slug": "rugby",
        "description": "rugby",
        "title": "RUGBY"
    },
    "model": "shellac.category",
    "pk": 19
},
{
    "fields": {
        "slug": "talk",
        "description": "talk",
        "title": "TALK"
    },
    "model": "shellac.category",
    "pk": 20
},
{
    "fields": {
        "slug": "television",
        "description": "television",
        "title": "TELEVISION"
    },
    "model": "shellac.category",
    "pk": 21
},
{
    "fields": {
        "slug": "film",
        "description": "film",
        "title": "FILM"
    },
    "model": "shellac.category",
    "pk": 22
},
{
    "fields": {
        "slug": "entertainment",
        "description": "entertainment",
        "title": "ENTERTAINMENT"
    },
    "model": "shellac.category",
    "pk": 23
},
{
    "fields": {
        "slug": "cricket",
        "description": "cricket",
        "title": "CRICKET"
    },
    "model": "shellac.category",
    "pk": 24
},
{
    "fields": {
        "slug": "opinion",
        "description": "opinion",
        "title": "OPINION"
    },
    "model": "shellac.category",
    "pk": 25
},
{
    "fields": {
        "slug": "soccer",
        "description": "soccer",
        "title": "SOCCER"
    },
    "model": "shellac.category",
    "pk": 26
},
{
    "fields": {
        "slug": "wrestling",
        "description": "wrestling",
        "title": "WRESTLING"
    },
    "model": "shellac.category",
    "pk": 27
},
{
    "fields": {
        "slug": "world-cup-soccer",
        "description": "world cup soccer",
        "title": "WORLD CUP SOCCER"
    },
    "model": "shellac.category",
    "pk": 28
},
{
    "fields": {
        "slug": "business",
        "description": "business",
        "title": "BUSINESS"
    },
    "model": "shellac.category",
    "pk": 29
},
{
    "fields": {
        "slug": "olympics",
        "description": "olympics",
        "title": "OLYMPICS"
    },
    "model": "shellac.category",
    "pk": 30
},
{
    "fields": {
        "slug": "arts",
        "description": "arts",
        "title": "ARTS"
    },
    "model": "shellac.category",
    "pk": 31
},
{
    "fields": {
        "slug": "music",
        "description": "music",
        "title": "MUSIC"
    },
    "model": "shellac.category",
    "pk": 32
},
{
    "fields": {
        "slug": "technology",
        "description": "technology",
        "title": "TECHNOLOGY"
    },
    "model": "shellac.category",
    "pk": 33
},
{
    "fields": {
        "rating": 0,
        "plays": 0,
        "author": 2,
        "slug": "aray1",
        "description": "asd",
        "audio_file": "sounds/2015/03/20/62981db4715d42bab58ede97b68c3a05.mp3",
        "created": "2015-03-20T13:36:21",
        "categories": [
            5
        ],
        "brand": "brands/2015/03/20/0ba76759e52b4820ae7da4483f5d46e5.png",
        "title": "aray1",
        "status": 1
    },
    "model": "shellac.clip",
    "pk": 1
},
{
    "fields": {
        "rating": 0,
        "plays": 0,
        "author": 4,
        "slug": "kray1",
        "description": "wer",
        "audio_file": "sounds/2015/03/20/a46e9a2312294e429ac18f12a2196ba2.mp3",
        "created": "2015-03-20T13:37:59",
        "categories": [
            29
        ],
        "brand": "brands/2015/03/20/2b43fe24bf0c4952b6a3c464e10c2a2e.png",
        "title": "kray1",
        "status": 1
    },
    "model": "shellac.clip",
    "pk": 2
},
{
    "fields": {
        "rating": 0,
        "plays": 0,
        "author": 3,
        "slug": "jray1",
        "description": "ert",
        "audio_file": "sounds/2015/03/20/a85ccb699b8243259dce7703b369ec88.mp3",
        "created": "2015-03-20T13:38:16",
        "categories": [
            1
        ],
        "brand": "brands/2015/03/20/490b82488fe34d0598f173d86b124864.jpeg",
        "title": "jray1",
        "status": 1
    },
    "model": "shellac.clip",
    "pk": 3
},
{
    "fields": {
        "rating": 0,
        "plays": 0,
        "author": 1,
        "slug": "jvwong1",
        "description": "rty",
        "audio_file": "sounds/2015/03/20/98dfaf58b27042f88abb4f086fccde1a.mp3",
        "created": "2015-03-20T13:38:33",
        "categories": [
            5
        ],
        "brand": "brands/2015/03/20/402f889ef846411a99999a36344aa736.jpg",
        "title": "jvwong1",
        "status": 1
    },
    "model": "shellac.clip",
    "pk": 4
},
{
    "fields": {
        "rating": 0,
        "plays": 0,
        "author": 2,
        "slug": "aray2",
        "description": "ertrty",
        "audio_file": "sounds/2015/03/20/00ea303806634c1b81d7ce72eaaa7782.mp3",
        "created": "2015-03-20T13:49:07",
        "categories": [
            24
        ],
        "brand": "brands/2015/03/20/f2a22a7ddee74b8994b23fbc19f77517.png",
        "title": "aray2",
        "status": 1
    },
    "model": "shellac.clip",
    "pk": 5
},
{
    "fields": {
        "playlist": 2,
        "added": "2015-03-20T14:12:31",
        "position": 0,
        "clip": 3
    },
    "model": "shellac.track",
    "pk": 1
},
{
    "fields": {
        "playlist": 4,
        "added": "2015-03-20T14:12:39",
        "position": 0,
        "clip": 2
    },
    "model": "shellac.track",
    "pk": 2
},
{
    "fields": {
        "playlist": 1,
        "added": "2015-03-20T14:12:56",
        "position": 0,
        "clip": 3
    },
    "model": "shellac.track",
    "pk": 3
},
{
    "fields": {
        "playlist": 1,
        "added": "2015-03-20T14:12:56",
        "position": 0,
        "clip": 2
    },
    "model": "shellac.track",
    "pk": 4
},
{
    "fields": {
        "playlist": 1,
        "added": "2015-03-20T14:12:56",
        "position": 0,
        "clip": 5
    },
    "model": "shellac.track",
    "pk": 5
},
{
    "fields": {
        "playlist": 3,
        "added": "2015-03-20T14:13:12",
        "position": 0,
        "clip": 4
    },
    "model": "shellac.track",
    "pk": 6
},
{
    "fields": {
        "playlist": 3,
        "added": "2015-03-20T14:13:12",
        "position": 0,
        "clip": 2
    },
    "model": "shellac.track",
    "pk": 7
}
]
