[
{
    "pk": 1,
    "fields": {
        "updated": "2014-10-19T15:26:46.774",
        "title": "default",
        "description": "default",
        "person": 1,
        "slug": "default",
        "created": "2014-10-19T15:09:53.654"
    },
    "model": "shellac.playlist"
},
{
    "pk": 2,
    "fields": {
        "updated": "2014-10-19T15:26:52.764",
        "title": "default",
        "description": "default",
        "person": 2,
        "slug": "default",
        "created": "2014-10-19T15:10:20.174"
    },
    "model": "shellac.playlist"
},
{
    "pk": 3,
    "fields": {
        "updated": "2014-10-19T15:14:13.622",
        "title": "default",
        "description": "",
        "person": 3,
        "slug": "default",
        "created": "2014-10-19T15:10:20.178"
    },
    "model": "shellac.playlist"
},
{
    "pk": 4,
    "fields": {
        "updated": "2014-10-19T15:26:12.160",
        "title": "default",
        "description": "",
        "person": 4,
        "slug": "default",
        "created": "2014-10-19T15:10:20.182"
    },
    "model": "shellac.playlist"
},
{
    "pk": 2,
    "fields": {
        "to_person": 4,
        "from_person": 1,
        "created": "2014-10-08T16:54:34.030",
        "status": "following",
        "private": false
    },
    "model": "shellac.relationship"
},
{
    "pk": 3,
    "fields": {
        "to_person": 2,
        "from_person": 1,
        "created": "2014-10-08T16:54:34.845",
        "status": "following",
        "private": false
    },
    "model": "shellac.relationship"
},
{
    "pk": 4,
    "fields": {
        "to_person": 3,
        "from_person": 1,
        "created": "2014-10-08T16:54:35.577",
        "status": "following",
        "private": false
    },
    "model": "shellac.relationship"
},
{
    "pk": 6,
    "fields": {
        "to_person": 3,
        "from_person": 2,
        "created": "2014-10-08T16:59:02.041",
        "status": "following",
        "private": false
    },
    "model": "shellac.relationship"
},
{
    "pk": 7,
    "fields": {
        "to_person": 1,
        "from_person": 3,
        "created": "2014-10-08T16:59:15.247",
        "status": "following",
        "private": false
    },
    "model": "shellac.relationship"
},
{
    "pk": 8,
    "fields": {
        "to_person": 4,
        "from_person": 3,
        "created": "2014-10-08T16:59:15.248",
        "status": "following",
        "private": false
    },
    "model": "shellac.relationship"
},
{
    "pk": 1,
    "fields": {
        "slug": "arts",
        "title": "ARTS",
        "description": "arts"
    },
    "model": "shellac.category"
},
{
    "pk": 2,
    "fields": {
        "slug": "business",
        "title": "BUSINESS",
        "description": "business"
    },
    "model": "shellac.category"
},
{
    "pk": 3,
    "fields": {
        "slug": "food",
        "title": "FOOD",
        "description": "food"
    },
    "model": "shellac.category"
},
{
    "pk": 4,
    "fields": {
        "slug": "health",
        "title": "HEALTH",
        "description": "health"
    },
    "model": "shellac.category"
},
{
    "pk": 5,
    "fields": {
        "slug": "music",
        "title": "MUSIC",
        "description": "music"
    },
    "model": "shellac.category"
},
{
    "pk": 6,
    "fields": {
        "slug": "opinion",
        "title": "OPINION",
        "description": "opinion"
    },
    "model": "shellac.category"
},
{
    "pk": 7,
    "fields": {
        "slug": "politics",
        "title": "POLITICS",
        "description": "politics"
    },
    "model": "shellac.category"
},
{
    "pk": 8,
    "fields": {
        "slug": "real-estate",
        "title": "REAL ESTATE",
        "description": "real estate"
    },
    "model": "shellac.category"
},
{
    "pk": 9,
    "fields": {
        "slug": "science",
        "title": "SCIENCE",
        "description": "science"
    },
    "model": "shellac.category"
},
{
    "pk": 10,
    "fields": {
        "slug": "sports",
        "title": "SPORTS",
        "description": "sports"
    },
    "model": "shellac.category"
},
{
    "pk": 11,
    "fields": {
        "slug": "style",
        "title": "STYLE",
        "description": "style"
    },
    "model": "shellac.category"
},
{
    "pk": 12,
    "fields": {
        "slug": "technology",
        "title": "TECHNOLOGY",
        "description": "technology"
    },
    "model": "shellac.category"
},
{
    "pk": 13,
    "fields": {
        "slug": "travel",
        "title": "TRAVEL",
        "description": "travel"
    },
    "model": "shellac.category"
},
{
    "pk": 14,
    "fields": {
        "slug": "money",
        "title": "MONEY",
        "description": "money"
    },
    "model": "shellac.category"
},
{
    "pk": 15,
    "fields": {
        "slug": "economics",
        "title": "ECONOMICS",
        "description": "economics"
    },
    "model": "shellac.category"
},
{
    "pk": 16,
    "fields": {
        "slug": "comedy",
        "title": "COMEDY",
        "description": "comedy"
    },
    "model": "shellac.category"
},
{
    "pk": 1,
    "fields": {
        "title": "wer",
        "description": "wer",
        "slug": "wer",
        "author": 1,
        "created": "2014-10-08T12:08:51",
        "rating": 0,
        "categories": [],
        "brand": "",
        "plays": 0,
        "brand_thumb": "",
        "audio_file": "sounds/2014/10/19/water_Fy0CRFv.mp3",
        "status": 1
    },
    "model": "shellac.clip"
},
{
    "pk": 2,
    "fields": {
        "title": "2",
        "description": "asdasd",
        "slug": "2",
        "author": 1,
        "created": "2014-10-08T12:09:40",
        "rating": 0,
        "categories": [],
        "brand": "",
        "plays": 0,
        "brand_thumb": "",
        "audio_file": "sounds/2014/10/19/water_lFAudJx.mp3",
        "status": 1
    },
    "model": "shellac.clip"
},
{
    "pk": 3,
    "fields": {
        "title": "asd",
        "description": "asd",
        "slug": "asd",
        "author": 1,
        "created": "2014-10-08T15:07:36",
        "rating": 0,
        "categories": [],
        "brand": "",
        "plays": 0,
        "brand_thumb": "",
        "audio_file": "sounds/2014/10/19/water_TsJPtsM.mp3",
        "status": 1
    },
    "model": "shellac.clip"
},
{
    "pk": 4,
    "fields": {
        "title": "kray1",
        "description": "kray1",
        "slug": "kray1",
        "author": 4,
        "created": "2014-10-08T16:59:17",
        "rating": 0,
        "categories": [
            1
        ],
        "brand": "",
        "plays": 1,
        "brand_thumb": "",
        "audio_file": "sounds/2014/10/19/water_gin0DI9.mp3",
        "status": 1
    },
    "model": "shellac.clip"
},
{
    "pk": 5,
    "fields": {
        "title": "kray2",
        "description": "kray1",
        "slug": "kray2",
        "author": 4,
        "created": "2014-10-08T16:59:59",
        "rating": 0,
        "categories": [
            2
        ],
        "brand": "",
        "plays": 1,
        "brand_thumb": "",
        "audio_file": "sounds/2014/10/19/water_XExmIdJ.mp3",
        "status": 1
    },
    "model": "shellac.clip"
},
{
    "pk": 6,
    "fields": {
        "title": "jray1",
        "description": "jray1",
        "slug": "jray1",
        "author": 3,
        "created": "2014-10-08T17:00:41",
        "rating": 0,
        "categories": [
            16
        ],
        "brand": "",
        "plays": 2,
        "brand_thumb": "",
        "audio_file": "sounds/2014/10/19/water_fht0Pq5.mp3",
        "status": 1
    },
    "model": "shellac.clip"
},
{
    "pk": 7,
    "fields": {
        "title": "jray2",
        "description": "jray2",
        "slug": "jray2",
        "author": 3,
        "created": "2014-10-08T17:01:06",
        "rating": 0,
        "categories": [
            15
        ],
        "brand": "",
        "plays": 1,
        "brand_thumb": "",
        "audio_file": "sounds/2014/10/19/heart_hckIBAe.mp3",
        "status": 1
    },
    "model": "shellac.clip"
},
{
    "pk": 8,
    "fields": {
        "title": "aray1",
        "description": "aray1",
        "slug": "aray1",
        "author": 2,
        "created": "2014-10-08T17:01:30",
        "rating": 0,
        "categories": [
            12,
            13
        ],
        "brand": "",
        "plays": 0,
        "brand_thumb": "",
        "audio_file": "sounds/2014/10/19/water_VV1jivv.mp3",
        "status": 1
    },
    "model": "shellac.clip"
},
{
    "pk": 9,
    "fields": {
        "title": "aray2",
        "description": "aray2",
        "slug": "aray2",
        "author": 2,
        "created": "2014-10-08T17:01:30",
        "rating": 0,
        "categories": [
            15
        ],
        "brand": "",
        "plays": 2,
        "brand_thumb": "",
        "audio_file": "sounds/2014/10/19/water_vmcDJCj.mp3",
        "status": 1
    },
    "model": "shellac.clip"
},
{
    "pk": 1,
    "fields": {
        "added": "2014-10-19T15:13:25.307",
        "playlist": 2,
        "position": 0,
        "clip": 8
    },
    "model": "shellac.track"
},
{
    "pk": 2,
    "fields": {
        "added": "2014-10-19T15:13:32.091",
        "playlist": 2,
        "position": 0,
        "clip": 6
    },
    "model": "shellac.track"
},
{
    "pk": 3,
    "fields": {
        "added": "2014-10-19T15:13:46.127",
        "playlist": 1,
        "position": 0,
        "clip": 4
    },
    "model": "shellac.track"
},
{
    "pk": 4,
    "fields": {
        "added": "2014-10-19T15:13:52.642",
        "playlist": 1,
        "position": 0,
        "clip": 5
    },
    "model": "shellac.track"
},
{
    "pk": 5,
    "fields": {
        "added": "2014-10-19T15:14:03.866",
        "playlist": 4,
        "position": 0,
        "clip": 5
    },
    "model": "shellac.track"
},
{
    "pk": 6,
    "fields": {
        "added": "2014-10-19T15:14:13.624",
        "playlist": 3,
        "position": 0,
        "clip": 8
    },
    "model": "shellac.track"
}
]
