[
{
    "pk": 1,
    "model": "shellac.person",
    "fields": {
        "avatar_thumb": "avatars/seventyEight_dGyJ0yE_i7a9OQk.png",
        "avatar": "avatars/seventyEight_dGyJ0yE.png",
        "username": "jvwong",
        "joined": "2014-10-08T11:26:22.518"
    }
},
{
    "pk": 2,
    "model": "shellac.person",
    "fields": {
        "avatar_thumb": "avatars/purple_NAIc55c_t4knS3b.jpg",
        "avatar": "avatars/purple_NAIc55c.jpg",
        "username": "aray",
        "joined": "2014-10-08T11:26:29.951"
    }
},
{
    "pk": 3,
    "model": "shellac.person",
    "fields": {
        "avatar_thumb": "avatars/black_QGpidbF_74oZP9x.jpg",
        "avatar": "avatars/black_QGpidbF.jpg",
        "username": "jray",
        "joined": "2014-10-08T11:26:29.955"
    }
},
{
    "pk": 4,
    "model": "shellac.person",
    "fields": {
        "avatar_thumb": "avatars/victor_IHeWyH1_vtApAqc.jpg",
        "avatar": "avatars/victor_IHeWyH1.jpg",
        "username": "kray",
        "joined": "2014-10-08T11:26:29.958"
    }
},
{
    "pk": 1,
    "model": "shellac.playlist",
    "fields": {
        "title": "default",
        "updated": "2014-10-19T15:26:46.774",
        "description": "default",
        "person": 1,
        "slug": "default",
        "created": "2014-10-19T15:09:53.654"
    }
},
{
    "pk": 2,
    "model": "shellac.playlist",
    "fields": {
        "title": "default",
        "updated": "2014-10-19T15:26:52.764",
        "description": "default",
        "person": 2,
        "slug": "default",
        "created": "2014-10-19T15:10:20.174"
    }
},
{
    "pk": 3,
    "model": "shellac.playlist",
    "fields": {
        "title": "default",
        "updated": "2014-10-19T15:14:13.622",
        "description": "",
        "person": 3,
        "slug": "default",
        "created": "2014-10-19T15:10:20.178"
    }
},
{
    "pk": 4,
    "model": "shellac.playlist",
    "fields": {
        "title": "default",
        "updated": "2014-10-19T15:26:12.160",
        "description": "",
        "person": 4,
        "slug": "default",
        "created": "2014-10-19T15:10:20.182"
    }
},
{
    "pk": 2,
    "model": "shellac.relationship",
    "fields": {
        "from_person": 1,
        "private": false,
        "status": "following",
        "to_person": 4,
        "created": "2014-10-08T16:54:34.030"
    }
},
{
    "pk": 3,
    "model": "shellac.relationship",
    "fields": {
        "from_person": 1,
        "private": false,
        "status": "following",
        "to_person": 2,
        "created": "2014-10-08T16:54:34.845"
    }
},
{
    "pk": 4,
    "model": "shellac.relationship",
    "fields": {
        "from_person": 1,
        "private": false,
        "status": "following",
        "to_person": 3,
        "created": "2014-10-08T16:54:35.577"
    }
},
{
    "pk": 6,
    "model": "shellac.relationship",
    "fields": {
        "from_person": 2,
        "private": false,
        "status": "following",
        "to_person": 3,
        "created": "2014-10-08T16:59:02.041"
    }
},
{
    "pk": 7,
    "model": "shellac.relationship",
    "fields": {
        "from_person": 3,
        "private": false,
        "status": "following",
        "to_person": 1,
        "created": "2014-10-08T16:59:15.247"
    }
},
{
    "pk": 8,
    "model": "shellac.relationship",
    "fields": {
        "from_person": 3,
        "private": false,
        "status": "following",
        "to_person": 4,
        "created": "2014-10-08T16:59:15.248"
    }
},
{
    "pk": 1,
    "model": "shellac.category",
    "fields": {
        "title": "ARTS",
        "slug": "arts",
        "description": "arts"
    }
},
{
    "pk": 2,
    "model": "shellac.category",
    "fields": {
        "title": "BUSINESS",
        "slug": "business",
        "description": "business"
    }
},
{
    "pk": 3,
    "model": "shellac.category",
    "fields": {
        "title": "FOOD",
        "slug": "food",
        "description": "food"
    }
},
{
    "pk": 4,
    "model": "shellac.category",
    "fields": {
        "title": "HEALTH",
        "slug": "health",
        "description": "health"
    }
},
{
    "pk": 5,
    "model": "shellac.category",
    "fields": {
        "title": "MUSIC",
        "slug": "music",
        "description": "music"
    }
},
{
    "pk": 6,
    "model": "shellac.category",
    "fields": {
        "title": "OPINION",
        "slug": "opinion",
        "description": "opinion"
    }
},
{
    "pk": 7,
    "model": "shellac.category",
    "fields": {
        "title": "POLITICS",
        "slug": "politics",
        "description": "politics"
    }
},
{
    "pk": 8,
    "model": "shellac.category",
    "fields": {
        "title": "REAL ESTATE",
        "slug": "real-estate",
        "description": "real estate"
    }
},
{
    "pk": 9,
    "model": "shellac.category",
    "fields": {
        "title": "SCIENCE",
        "slug": "science",
        "description": "science"
    }
},
{
    "pk": 10,
    "model": "shellac.category",
    "fields": {
        "title": "SPORTS",
        "slug": "sports",
        "description": "sports"
    }
},
{
    "pk": 11,
    "model": "shellac.category",
    "fields": {
        "title": "STYLE",
        "slug": "style",
        "description": "style"
    }
},
{
    "pk": 12,
    "model": "shellac.category",
    "fields": {
        "title": "TECHNOLOGY",
        "slug": "technology",
        "description": "technology"
    }
},
{
    "pk": 13,
    "model": "shellac.category",
    "fields": {
        "title": "TRAVEL",
        "slug": "travel",
        "description": "travel"
    }
},
{
    "pk": 14,
    "model": "shellac.category",
    "fields": {
        "title": "MONEY",
        "slug": "money",
        "description": "money"
    }
},
{
    "pk": 15,
    "model": "shellac.category",
    "fields": {
        "title": "ECONOMICS",
        "slug": "economics",
        "description": "economics"
    }
},
{
    "pk": 16,
    "model": "shellac.category",
    "fields": {
        "title": "COMEDY",
        "slug": "comedy",
        "description": "comedy"
    }
},
{
    "pk": 1,
    "model": "shellac.clip",
    "fields": {
        "title": "wer",
        "author": 1,
        "plays": 0,
        "categories": [],
        "audio_file": "sounds/2014/10/19/water_Fy0CRFv.mp3",
        "brand": "",
        "description": "wer",
        "created": "2014-10-08T12:08:51",
        "status": 1,
        "rating": 0,
        "brand_thumb": "",
        "slug": "wer"
    }
},
{
    "pk": 2,
    "model": "shellac.clip",
    "fields": {
        "title": "2",
        "author": 1,
        "plays": 0,
        "categories": [],
        "audio_file": "sounds/2014/10/19/water_lFAudJx.mp3",
        "brand": "",
        "description": "asdasd",
        "created": "2014-10-08T12:09:40",
        "status": 1,
        "rating": 0,
        "brand_thumb": "",
        "slug": "2"
    }
},
{
    "pk": 3,
    "model": "shellac.clip",
    "fields": {
        "title": "asd",
        "author": 1,
        "plays": 0,
        "categories": [],
        "audio_file": "sounds/2014/10/19/water_TsJPtsM.mp3",
        "brand": "",
        "description": "asd",
        "created": "2014-10-08T15:07:36",
        "status": 1,
        "rating": 0,
        "brand_thumb": "",
        "slug": "asd"
    }
},
{
    "pk": 4,
    "model": "shellac.clip",
    "fields": {
        "title": "kray1",
        "author": 4,
        "plays": 1,
        "categories": [
            1
        ],
        "audio_file": "sounds/2014/10/19/water_gin0DI9.mp3",
        "brand": "",
        "description": "kray1",
        "created": "2014-10-08T16:59:17",
        "status": 1,
        "rating": 0,
        "brand_thumb": "",
        "slug": "kray1"
    }
},
{
    "pk": 5,
    "model": "shellac.clip",
    "fields": {
        "title": "kray2",
        "author": 4,
        "plays": 1,
        "categories": [
            2
        ],
        "audio_file": "sounds/2014/10/19/water_XExmIdJ.mp3",
        "brand": "",
        "description": "kray1",
        "created": "2014-10-08T16:59:59",
        "status": 1,
        "rating": 0,
        "brand_thumb": "",
        "slug": "kray2"
    }
},
{
    "pk": 6,
    "model": "shellac.clip",
    "fields": {
        "title": "jray1",
        "author": 3,
        "plays": 2,
        "categories": [
            16
        ],
        "audio_file": "sounds/2014/10/19/water_fht0Pq5.mp3",
        "brand": "",
        "description": "jray1",
        "created": "2014-10-08T17:00:41",
        "status": 1,
        "rating": 0,
        "brand_thumb": "",
        "slug": "jray1"
    }
},
{
    "pk": 7,
    "model": "shellac.clip",
    "fields": {
        "title": "jray2",
        "author": 3,
        "plays": 1,
        "categories": [
            15
        ],
        "audio_file": "sounds/2014/10/19/heart_hckIBAe.mp3",
        "brand": "",
        "description": "jray2",
        "created": "2014-10-08T17:01:06",
        "status": 1,
        "rating": 0,
        "brand_thumb": "",
        "slug": "jray2"
    }
},
{
    "pk": 8,
    "model": "shellac.clip",
    "fields": {
        "title": "aray1",
        "author": 2,
        "plays": 0,
        "categories": [
            13
        ],
        "audio_file": "sounds/2014/10/19/water_VV1jivv.mp3",
        "brand": "",
        "description": "aray1",
        "created": "2014-10-08T17:01:30",
        "status": 1,
        "rating": 0,
        "brand_thumb": "",
        "slug": "aray1"
    }
},
{
    "pk": 9,
    "model": "shellac.clip",
    "fields": {
        "title": "aray2",
        "author": 2,
        "plays": 2,
        "categories": [
            15
        ],
        "audio_file": "sounds/2014/10/19/water_vmcDJCj.mp3",
        "brand": "",
        "description": "aray2",
        "created": "2014-10-08T17:01:30",
        "status": 1,
        "rating": 0,
        "brand_thumb": "",
        "slug": "aray2"
    }
},
{
    "pk": 1,
    "model": "shellac.track",
    "fields": {
        "added": "2014-10-19T15:13:25.307",
        "playlist": 2,
        "clip": 8,
        "position": 0
    }
},
{
    "pk": 2,
    "model": "shellac.track",
    "fields": {
        "added": "2014-10-19T15:13:32.091",
        "playlist": 2,
        "clip": 6,
        "position": 0
    }
},
{
    "pk": 3,
    "model": "shellac.track",
    "fields": {
        "added": "2014-10-19T15:13:46.127",
        "playlist": 1,
        "clip": 4,
        "position": 0
    }
},
{
    "pk": 4,
    "model": "shellac.track",
    "fields": {
        "added": "2014-10-19T15:13:52.642",
        "playlist": 1,
        "clip": 5,
        "position": 0
    }
},
{
    "pk": 5,
    "model": "shellac.track",
    "fields": {
        "added": "2014-10-19T15:14:03.866",
        "playlist": 4,
        "clip": 5,
        "position": 0
    }
},
{
    "pk": 6,
    "model": "shellac.track",
    "fields": {
        "added": "2014-10-19T15:14:13.624",
        "playlist": 3,
        "clip": 8,
        "position": 0
    }
}
]
